hoja,codigo,marca,modelo,feat,pos,anio,cant,costo,venta,dep
PARABRISAS,Euroglass,Audi,A4,Captor,PARABRISAS,,1,,,Principal
PARABRISAS,721830V,Chery,Tiggo 2,Antena,PARABRISAS,2018,1,,353355.0,Principal
PARABRISAS,082333V,Chevrolet,Montana,,PARABRISAS,2023,1,,,Principal
PARABRISAS,080232 D,Chevrolet,Astra,,PARABRISAS,2002,1,,256265.0,Principal
PARABRISAS,Original 086730,Chevrolet,Chevrolet 67/73,,PARABRISAS,1967/1973,1,,296900.0,Principal
PARABRISAS,081233 D,Chevrolet,Corsa,Antena,PARABRISAS,2012,1,,267420.0,Principal
PARABRISAS,080131 D,Chevrolet,Corsa 4300,,PARABRISAS,2001,2,,261965.0,Principal
PARABRISAS,Favicur,Chevrolet,Corsa Clasicc,S/Ant,PARABRISAS,,1,,261965.0,Principal
PARABRISAS,081031D,Chevrolet,Cruze 10,,PARABRISAS,2010,1,,300000.0,Principal
PARABRISAS,081032 D,Chevrolet,Cruze 10,Captor,PARABRISAS,2010,1,,313150.0,Principal
PARABRISAS,081630 V,Chevrolet,Cruze 16,,PARABRISAS,2016,2,,286100.0,Principal
PARABRISAS,082034V,Chevrolet,Cruze,Rsb/Cam,PARABRISAS,2020,1,,,Principal
PARABRISAS,081332V,Chevrolet,cobalt chino,,PARABRISAS,2013,1,,300960.0,Principal
PARABRISAS,081336V,Chevrolet,Cobalt,Captor,PARABRISAS,2013,1,,,Principal
PARABRISAS,081334V,Chevrolet,Onix 13,,PARABRISAS,2013,2,,273350.0,Principal
PARABRISAS,082030V,Chevrolet,Onix 20,,PARABRISAS,2020,1,,291600.0,Principal
PARABRISAS,089831 D,Chevrolet,S10,,PARABRISAS,1998,1,,256900.0,Principal
PARABRISAS,081231D,Chevrolet,S10 12,Captor,PARABRISAS,2012,3,,287900.0,Principal
PARABRISAS,081230D,Chevrolet,S10 12,,PARABRISAS,2012,4,,2.0,Principal
PARABRISAS,081735D,Chevrolet,S10 '19,,PARABRISAS,2019,2,,303250.0,Principal
PARABRISAS,082330D,Chevrolet,S10 '23,Camara,PARABRISAS,2023,2,,340755.0,Principal
PARABRISAS,081733D,Chevrolet,S10 17,Captor y Camara,PARABRISAS,2017,2,,371350.0,Principal
PARABRISAS,081732 V,Chevrolet,Spin,solo gps,PARABRISAS,2017,2,,314050.0,Principal
PARABRISAS,081331V,Chevrolet,Tracker,C/Vin,PARABRISAS,2013,1,,,Principal
PARABRISAS,081734V,Chevrolet,Tracker,camara sola,PARABRISAS,2017,1,,339980.0,Principal
PARABRISAS,82032,Chevrolet,Tracker,Captor,PARABRISAS,2020,2,,,Principal
PARABRISAS,082033V,Chevrolet,Tracker,Captor y Camara,PARABRISAS,2020,1,,382860.0,Principal
PARABRISAS,082031V,Chevrolet,Tracker,,PARABRISAS,2020,4,,339400.0,Principal
PARABRISAS,089830D,Chevrolet,Silverado 97/03,,PARABRISAS,1997/2003,2,,360200.0,Principal
PARABRISAS,080834D,Chevrolet,Spark,,PARABRISAS,2008,2,,,Principal
PARABRISAS,100730D,Citroen,C4,,PARABRISAS,2007,1,,316650.0,Principal
PARABRISAS,Favicur,Citroen,C3,Captor,PARABRISAS,2002,2,,257550.0,Principal
PARABRISAS,101131D,Citroen,C3 Picasso,Captor,PARABRISAS,2011,1,,349640.0,Principal
PARABRISAS,101332V,Citroen,C4 Lounge,,PARABRISAS,2013,1,,339675.0,Principal
PARABRISAS,101732V,Citroen,Cactus,Captor y Camara,PARABRISAS,2017,1,,342026.0,Principal
PARABRISAS,100930V,Citroen,DS3,Captor,PARABRISAS,2009,1,,383520.0,Principal
PARABRISAS,151432V,Dodge,Ram 1500/2500,Captor,PARABRISAS,2014,1,,,Principal
PARABRISAS,171732 V,Fiat,Argo Cronos Pulse,,PARABRISAS,2017,1,,295805.0,Principal
PARABRISAS,171731 D,Fiat,Argo Cronos Pulse,Captor,PARABRISAS,2017,1,,369970.0,Principal
PARABRISAS,178130D,Fiat,147/Fiorino,,PARABRISAS,1987,1,,325377.0,Principal
PARABRISAS,178935 D,Fiat,Duna/Uno,,PARABRISAS,1989,1,,250000.0,Principal
PARABRISAS,171230 D,Fiat,Palio 12,,PARABRISAS,2012,2,,284350.0,Principal
PARABRISAS,171231 D,Fiat,Palio 12,Captor,PARABRISAS,2012,1,,305450.0,Principal
PARABRISAS,Original,Fiat,Palio 12,,PARABRISAS,2012,1,,,Principal
PARABRISAS,179630 D,Fiat,Palio Siena,,PARABRISAS,1996,2,,242660.0,Principal
PARABRISAS,172030V,Fiat,Strada,,PARABRISAS,2020,1,,,Principal
PARABRISAS,170230 D,Fiat,Stilo,,PARABRISAS,2002,1,,356350.0,Principal
PARABRISAS,171635 V,Fiat,Toro,Sin Encapsular,PARABRISAS,2016,2,,285200.0,Principal
PARABRISAS,171636,Fiat,Toro,Captor,PARABRISAS,2016,2,,,Principal
PARABRISAS,172130 V,Fiat,Toro 21,,PARABRISAS,2021,3,,327500.0,Principal
PARABRISAS,172131 V,Fiat,Toro 21,Camara,PARABRISAS,2021,1,,383960.0,Principal
PARABRISAS,171030 D,Fiat,Uno10 Fiorino12,,PARABRISAS,2010,2,,298390.0,Principal
PARABRISAS,179732 V,Fiat,Uno Mille,Antena,PARABRISAS,1997,2,,248100.0,Principal
PARABRISAS,179530D,Fiat,Iveco Daily,,PARABRISAS,1995,5,,301850.0,Principal
PARABRISAS,Cristem,Fiat,Iveco Vertis,,PARABRISAS,,2,,433700.0,Principal
PARABRISAS,170831V,Fiat,Iveco Daily 2 /Master '97,,PARABRISAS,2008,1,,367650.0,Principal
PARABRISAS,179230D,Fiat,Eurocargo/Cursor/Tector,,PARABRISAS,1992,2,,334105.0,Principal
PARABRISAS,179631D,Fiat,Eurotrakker,,PARABRISAS,1996,1,,398900.0,Principal
PARABRISAS,177134D,Fiat,619,,PARABRISAS,1971,1,,300850.0,Principal
PARABRISAS,171530D,Fiat,Stralis,,PARABRISAS,2015,2,,433700.0,Principal
PARABRISAS,172132,Fiat,Pulse/ Fastback '22,Captor y Camara,PARABRISAS,2021,1,,,Principal
PARABRISAS,182534,Ford,Bronco Sport,Captor y Camara,PARABRISAS,2025,1,,,Principal
PARABRISAS,181330V,Ford,Ecosport 12,,PARABRISAS,2013,2,,296700.0,Principal
PARABRISAS,181331Chino,Ford,Ecosport 13,Captor,PARABRISAS,2013,4,,311760.0,Principal
PARABRISAS,181731V,Ford,Ecosport 17,Captor,PARABRISAS,2017,1,,314250.0,Principal
PARABRISAS,189630D,Ford,Escort Pointer,,PARABRISAS,1997,1,,322910.0,Principal
PARABRISAS,188830D,Ford,Escort,,PARABRISAS,1988/1996,1,,321260.0,Principal
PARABRISAS,189930D,Ford,F100 Duty,,PARABRISAS,1999,1,,304700.0,Principal
PARABRISAS,180230D,Ford,Fiesta 02,,PARABRISAS,2002,1,,295100.0,Principal
PARABRISAS,180831D,Ford,Focus 08,Captor,PARABRISAS,2008,1,,321400.0,Principal
PARABRISAS,180830D,Ford,Focus 08,,PARABRISAS,2008,2,,325600.0,Principal
PARABRISAS,189931D,Ford,Focus 99,,PARABRISAS,1999,1,,269160.0,Principal
PARABRISAS,181337V,Ford,Focus 13,,PARABRISAS,2013,3,,,Principal
PARABRISAS,181530V,Ford,Ka,,PARABRISAS,2015,1,,256300.0,Principal
PARABRISAS,181030V,Ford,Kinetic 10,,PARABRISAS,2010,1,,,Principal
PARABRISAS,,Ford,Kinetic 10,Captor,PARABRISAS,2010,1,,,Principal
PARABRISAS,Original,Ford,Kuga,Captor y Camara,PARABRISAS,,1,,,Principal
PARABRISAS,Original,Ford,Mondeo,Captor y Camara,PARABRISAS,2015,1,,,Principal
PARABRISAS,182230V,Ford,Maverick,Camara,PARABRISAS,2022,2,,499700.0,Principal
PARABRISAS,182532V,Ford,Maverick,Camara,PARABRISAS,2025,1,,,Principal
PARABRISAS,181230D,Ford,Ranger 12,,PARABRISAS,2012,1,,266460.0,Principal
PARABRISAS,181231D,Ford,Ranger 12,Captor,PARABRISAS,2012,1,,275100.0,Principal
PARABRISAS,181233D,Ford,Ranger 16,Captor y Camara,PARABRISAS,2016,3,,278500.0,Principal
PARABRISAS,181930D,Ford,Ranger 19,Captor y Camara,PARABRISAS,2019,1,,299550.0,Principal
PARABRISAS,189730D,Ford,Ranger 97,,PARABRISAS,1997,2,,246200.0,Principal
PARABRISAS,182330V,Ford,Ranger '23,,PARABRISAS,2023,1,,369300.0,Principal
PARABRISAS,182331V,Ford,Ranger '23,Camara,PARABRISAS,2023,2,,414800.0,Principal
PARABRISAS,Original,Ford,Transit,Captor,PARABRISAS,,1,,612100.0,Principal
PARABRISAS,Original,Ford,Territory,Captor,PARABRISAS,,1,,390800.0,Principal
PARABRISAS,189235D,Ford,P-UP 81/97,,PARABRISAS,1981/1997,1,,270550.0,Principal
PARABRISAS,187630V,Ford,P-UP 67/80,,PARABRISAS,1976,1,,322910.0,Principal
PARABRISAS,188530D,Ford,Cargo,,PARABRISAS,1985,1,,327890.0,Principal
PARABRISAS,181130D,Ford,Cargo,,PARABRISAS,2011,1,,383250.0,Principal
PARABRISAS,881830V,FOTON,TM1,,PARABRISAS,2018,1,,,Principal
PARABRISAS,451232D,Honda,Honda CR-V,,PARABRISAS,2012,1,,385600.0,Principal
PARABRISAS,450230V,Honda,Honda CR-V,,PARABRISAS,2002,1,,398850.0,Principal
PARABRISAS,450330D,Honda,Fit,,PARABRISAS,2003,1,,,Principal
PARABRISAS,450930D,Honda,Fit,,PARABRISAS,2009,1,,,Principal
PARABRISAS,452330V,Honda,ZRV,Captor y Camara,PARABRISAS,2023,1,,,Principal
PARABRISAS,469830D,Hyundai,Hyundai Atos,,PARABRISAS,1998,4,,476750.0,Principal
PARABRISAS,460830,Hyundai,Tucson,,PARABRISAS,2008,1,,,Principal
PARABRISAS,901830,Jac,S2,,PARABRISAS,2018,1,,,Principal
PARABRISAS,Original,Jeep,Cherokee,,PARABRISAS,2002,1,,264400.0,Principal
PARABRISAS,159731D,Jeep,Cherokee,Captor,PARABRISAS,1991/2001,1,,264400.0,Principal
PARABRISAS,151633D,Jeep,Compass,Captor,PARABRISAS,2016,1,,384700.0,Principal
PARABRISAS,151637,Jeep,Compass,Captor y Camara,PARABRISAS,2016,2,,,Principal
PARABRISAS,151631V,Jeep,Renegade,Captor,PARABRISAS,2016,2,,375300.0,Principal
PARABRISAS,210730D,Kia,Kia/Bongo/K2700,,PARABRISAS,2007,2,,323300.0,Principal
PARABRISAS,788930D,Rover,Rover 200,,PARABRISAS,1996,1,,418900.0,Principal
PARABRISAS,261430D,M.Benz,Actros,,PARABRISAS,2014,2,,474700.0,Principal
PARABRISAS,269230D,M.Benz,1633/1634,,PARABRISAS,1992,3,,326310.0,Principal
PARABRISAS,267830D,M.Benz,1517,,PARABRISAS,1978,1,,300900.0,Principal
PARABRISAS,267835D,M.Benz,608,,PARABRISAS,1978,1,,299300.0,Principal
PARABRISAS,260831D,M.Benz,Atego/Axor,,PARABRISAS,2008,2,,399600.0,Principal
PARABRISAS,260330D,M.Benz,Accelo,Antena,PARABRISAS,2003,1,,301690.0,Principal
PARABRISAS,261330D,M.Benz,Sprinter '13,,PARABRISAS,2013,2,,359670.0,Principal
PARABRISAS,269530D,M.Benz,Sprinter '95,,PARABRISAS,1995,1,,,Principal
PARABRISAS,268830D,M.Benz,1215/1722/710/713/1620,,PARABRISAS,1988,1,,300750.0,Principal
PARABRISAS,261935,M.Benz,Actros/ Arocs '19,Captor y Camara,PARABRISAS,2019,1,,,Principal
PARABRISAS,260731,M.Benz,Clase C,Captor,PARABRISAS,2007,1,,,Principal
PARABRISAS,,Mitsubishi,Hyundai,,PARABRISAS,,1,,,Principal
PARABRISAS,431731,Nissan,Frontier 15/ Alaskan,,PARABRISAS,2015,1,,316500.0,Principal
PARABRISAS,432231,Nissan,Frontier,Camara,PARABRISAS,2023,2,,,Principal
PARABRISAS,432131V,Nissan,Kicks 21,Camara,PARABRISAS,2021,2,,350650.0,Principal
PARABRISAS,431732D Brasilero,Nissan,Kicks,,PARABRISAS,2017,1,,303100.0,Principal
PARABRISAS,432031V,Nissan,Sentra,Camara,PARABRISAS,2020,2,,,Principal
PARABRISAS,431530V,Nissan,Versa,,PARABRISAS,2015,1,,325600.0,Principal
PARABRISAS,432331V,Nissan,X-Trail,Captor y Camara,PARABRISAS,2023,1,,,Principal
PARABRISAS,,Peugeot,206 Viejo,Captor,PARABRISAS,2005,1,,293200.0,Principal
PARABRISAS,301331V,Peugeot,208/2008,Captor,PARABRISAS,2013,3,,363900.0,Principal
PARABRISAS,301330V,Peugeot,208/2008,,PARABRISAS,2013,2,,315100.0,Principal
PARABRISAS,302031V,Peugeot,208,Captor y Camara,PARABRISAS,2020,1,,337200.0,Principal
PARABRISAS,302431V,Peugeot,2008 RSB CAM,Captor y Camara,PARABRISAS,2024,1,,,Principal
PARABRISAS,309530D,Peugeot,306,,PARABRISAS,1995,1,,306200.0,Principal
PARABRISAS,300235V,Peugeot,307,Captor,PARABRISAS,2002,1,,818200.0,Principal
PARABRISAS,309130D,Peugeot,405,,PARABRISAS,1991,1,,291000.0,Principal
PARABRISAS,301130V,Peugeot,308/408,,PARABRISAS,2011,2,,388900.0,Principal
PARABRISAS,301131V,Peugeot,308/408,Captor,PARABRISAS,2011,2,,402600.0,Principal
PARABRISAS,306930D,Peugeot,504,,PARABRISAS,1969,1,,323200.0,Principal
PARABRISAS,338330D,Renault,R9/ R11,,PARABRISAS,1983,1,,314750.0,Principal
PARABRISAS,339430,Renault,Clio,,PARABRISAS,1994,2,,,Principal
PARABRISAS,339930 D,Renault,Clio 2,,PARABRISAS,1999,3,,269200.0,Principal
PARABRISAS,331730D,Renault,Captur,,PARABRISAS,2017,1,,297900.0,Principal
PARABRISAS,332031 V,Renault,Duster,Captor,PARABRISAS,2021,1,,270400.0,Principal
PARABRISAS,Original,Renault,Grand Scenic,,PARABRISAS,2012,1,,334800.0,Principal
PARABRISAS,339830,Renault,Kangoo,,PARABRISAS,1998,2,,254300.0,Principal
PARABRISAS,331830 V,Renault,Kangoo,,PARABRISAS,2018,1,,271300.0,Principal
PARABRISAS,331732 V,Renault,Kwid,,PARABRISAS,2017,1,,268300.0,Principal
PARABRISAS,330531 V,Renault,Megane 2,Captor,PARABRISAS,2005,2,,285100.0,Principal
PARABRISAS,339630 D,Renault,Megane 96,,PARABRISAS,1996,2,,273850.0,Principal
PARABRISAS,331131V,Renault,master  11,,PARABRISAS,2013,1,,484700.0,Principal
PARABRISAS,330830 D,Renault,Sandero Duster,,PARABRISAS,2008,1,,270650.0,Principal
PARABRISAS,331330 V,Renault,Sandero 2,,PARABRISAS,2013,2,,275200.0,Principal
PARABRISAS,338630 D,Renault,Trafic,,PARABRISAS,1986,1,,343100.0,Principal
PARABRISAS,331030V,Renault,Fluence/Megane III,,PARABRISAS,2010,1,,279100.0,Principal
PARABRISAS,332430V,Renault,Kardian,,PARABRISAS,2024,1,,,Principal
PARABRISAS,331932,Renault,Oroch,Captor,PARABRISAS,2019,1,,,Principal
PARABRISAS,359830D,Scania,114,,PARABRISAS,1998,1,,479500.0,Principal
PARABRISAS,358530D,Scania,112/113,,PARABRISAS,1985,2,,381300.0,Principal
PARABRISAS,350730D,Scania,Serie V,,PARABRISAS,2007,2,,381300.0,Principal
PARABRISAS,351930V,Scania,Serie VI,,PARABRISAS,2019,3,,,Principal
PARABRISAS,351931,Scania,Serie VI,Captor,PARABRISAS,2019,2,,,Principal
PARABRISAS,,Toyota,Land Cruize 200,,PARABRISAS,2008/2023,1,,,Principal
PARABRISAS,491430D,Toyota,Corolla 14,,PARABRISAS,2014,3,,302000.0,Principal
PARABRISAS,491433D,Toyota,Corolla 14,Antena,PARABRISAS,2014,1,,323850.0,Principal
PARABRISAS,491734D,Toyota,Corolla 17,C/AB,PARABRISAS,2017,1,,312500.0,Principal
PARABRISAS,491733D,Toyota,Corolla 17,Captor y Camara,PARABRISAS,2017,2,,321200.0,Principal
PARABRISAS,491930 D,Toyota,Corolla 19,,PARABRISAS,2019,2,,332120.0,Principal
PARABRISAS,491933D,Toyota,Corolla 19,Camara y Antena,PARABRISAS,2019,2,,358600.0,Principal
PARABRISAS,492431D,Toyota,Corolla 24,Camara,PARABRISAS,2024,1,,,Principal
PARABRISAS,492134 D,Toyota,Corolla Cross,Antena,PARABRISAS,2021,4,,432100.0,Principal
PARABRISAS,492137D,Toyota,Corolla Cross,"Captor, Camara Ant",PARABRISAS,2021,2,,,Principal
PARABRISAS,492133,Toyota,Corolla Cross,Camara y Captor,PARABRISAS,2021,1,,,Principal
PARABRISAS,490533 D,Toyota,Hilux 05,Antena,PARABRISAS,2005,2,,294200.0,Principal
PARABRISAS,490530 D,Toyota,Hilux 05,,PARABRISAS,2005,4,,294200.0,Principal
PARABRISAS,490531D,Toyota,Hilux 09,C/Bajada y Ant,PARABRISAS,2009,3,,294200.0,Principal
PARABRISAS,491531D,Toyota,Hilux 15,C/Bajada y Ant,PARABRISAS,2015,2,,299350.0,Principal
PARABRISAS,491530 D,Toyota,Hilux 15,,PARABRISAS,2015,1,,293400.0,Principal
PARABRISAS,492031D,Toyota,Hilux 20,Camara,PARABRISAS,2020,1,,327200.0,Principal
PARABRISAS,492034 D,Toyota,Hilux 20,Camara y Antena,PARABRISAS,2020,3,,320750.0,Principal
PARABRISAS,492030 D,Toyota,Hilux 20,,PARABRISAS,2020,1,,317100.0,Principal
PARABRISAS,491831 V,Toyota,Yaris 18,Captor,PARABRISAS,2018,3,,338810.0,Principal
PARABRISAS,491830V,Toyota,Yaris 18,,PARABRISAS,2018,1,,325531.74,Principal
PARABRISAS,492231V,Toyota,Yaris,Camara,PARABRISAS,2022,1,,,Principal
PARABRISAS,491333,Toyota,Rav 4,,PARABRISAS,2013,1,,,Principal
PARABRISAS,,Toyota,Rav,Camara y Captor,PARABRISAS,2019,1,,,Principal
PARABRISAS,660130D,Volvo,midlum  renault,,PARABRISAS,2001,3,,479500.0,Principal
PARABRISAS,661030D,Volvo,FH 10,Captor,PARABRISAS,2010,2,,443400.0,Principal
PARABRISAS,,Volvo,VM 17/23,,PARABRISAS,,1,,,Principal
PARABRISAS,,Volvo,FM/FH,,PARABRISAS,,1,,,Principal
PARABRISAS,661430D,Volvo,FH 13,Captor y Camara,PARABRISAS,2014,2,,476800.0,Principal
PARABRISAS,420934V,VW,Amarok 16,Captor Gota,PARABRISAS,2016,2,,304200.0,Principal
PARABRISAS,420932V,VW,Amarok,Captor Cuadrado,PARABRISAS,2009,2,,268100.0,Principal
PARABRISAS,420930V,VW,Amarok,,PARABRISAS,2009,1,,266100.0,Principal
PARABRISAS,420736V,VW,Bora,,PARABRISAS,2007,1,,361950.0,Principal
PARABRISAS,421030D,VW,Fox 10,,PARABRISAS,2010,1,,252300.0,Principal
PARABRISAS,420235D,VW,Fox Suran,Antena,PARABRISAS,2002,1,,253800.0,Principal
PARABRISAS,428230D,VW,Gacel Senda Gol,,PARABRISAS,1982,2,,297200.0,Principal
PARABRISAS,420531D,VW,Gol,Antena,PARABRISAS,2005,1,,252000.0,Principal
PARABRISAS,420832D,VW,Gol Trend,,PARABRISAS,2008,3,,248900.0,Principal
PARABRISAS,,VW,Gol trend,Captor,PARABRISAS,2016,3,,268500.0,Principal
PARABRISAS,421531V,VW,Golf,Captor,PARABRISAS,2015,1,,334650.0,Principal
PARABRISAS,421032V,VW,Passat CC,Captor,PARABRISAS,2009,1,,322400.0,Principal
PARABRISAS,429630D,VW,Polo,,PARABRISAS,1996,5,,273000.0,Principal
PARABRISAS,421534V,VW,Polo 15,Captor,PARABRISAS,2015,2,,282200.0,Principal
PARABRISAS,421533V,VW,Polo,,PARABRISAS,2015,2,,277960.0,Principal
PARABRISAS,421931V,VW,T-Cross,Captor,PARABRISAS,2019,2,,315300.0,Principal
PARABRISAS,422431V,VW,T-Cross,Camara RSB,PARABRISAS,2024,2,,,Principal
PARABRISAS,Original,VW,Tiguan,Captor,PARABRISAS,2009,1,,347950.0,Principal
PARABRISAS,421833V,VW,Tiguan Allspace,Captor y Camara,PARABRISAS,2018,1,,680100.0,Principal
PARABRISAS,421632V,VW,Up,Captor,PARABRISAS,2014,1,,260200.0,Principal
PARABRISAS,420533V,VW,Vento 05,Captor,PARABRISAS,2005,1,,276200.0,Principal
PARABRISAS,420532V,VW,Vento 05,,PARABRISAS,2005,3,,,Principal
PARABRISAS,421132V,VW,Vento 11,,PARABRISAS,2011,2,,326800.0,Principal
PARABRISAS,421133,VW,Vento 11,Captor,PARABRISAS,2011,1,,335100.0,Principal
PARABRISAS,421933V,VW,Vento 19,Captor y Camara,PARABRISAS,2019,1,,,Principal
PARABRISAS,421830V,VW,Virtus/Polo/Nivus,,PARABRISAS,2018,2,,254650.0,Principal
PARABRISAS,421831V,VW,Virtus/Polo/Nivus,Captor,PARABRISAS,2018,1,,260100.0,Principal
PARABRISAS,420534D,VW,Constelation,,PARABRISAS,2005,2,,411800.0,Principal
PARABRISAS,429830D,VW,Camion,,PARABRISAS,1998,2,,333000.0,Principal
PARABRISAS,421732D,VW,Delivery,,PARABRISAS,2017,1,,540000.0,Principal
SKT,44-0265,NISSAN,FRONTIER,,PARABRISAS,2017,4,149574.72,,Principal
SKT,44-1052,NISSAN,FRONTIER,Sensor,PARABRISAS,2020,4,199289.07,,Principal
SKT,44-1053,NISSAN,FRONTIER,Sensor y Camara,PARABRISAS,2020,1,234581.31,,Principal
SKT,1146140,FIAT,PALIO,,PARABRISAS,2012,1,119101.07,,Principal
SKT,1507290,VW,GOL TREND,,PARABRISAS,2008,5,122061.53,,Principal
SKT,1353480,CHEVROLET,ONIX,,PARABRISAS,2013,2,131050.67,,Principal
SKT,1344894,CHEVROLET,Cruze,Sensor,PARABRISAS,2016,3,180605.87,,Principal
SKT,1437764,CHEVROLET,Cruze,Sensor y Camara,PARABRISAS,2016,3,176544.76,,Principal
SKT,1423055,Peugeot,208,Techo,PARABRISAS,,2,300693.87,,Principal
SKT,1441275,Toyota,Hilux,,PARABRISAS,2015,2,135107.29,,Principal
SKT,1171473,RENAULT,Sandero,,PARABRISAS,2008,3,,,Principal
SKT,1266182,RENAULT,Sandero II,,PARABRISAS,2014,3,,,Principal
SKT,1488133,JEEP,Renegade,,PARABRISAS,2016,4,,,Principal
SKT,1522096,JEEP,Renegade,Sensor,PARABRISAS,2022,3,,,Principal
SKT,1522098,JEEP,Renegade,Sensor y Camara,PARABRISAS,2022,3,,,Principal
PUERTAS,911812,Baic,X35,,PUERTA_DD,2018/2020,1,,,Principal
PUERTAS,911813,Baic,X35,,PUERTA_DI,2018/2020,1,,,Principal
PUERTAS,911818,Baic,X35,,PUERTA_TD,2018/2020,1,,,Principal
PUERTAS,911817,Baic,X35,,PUERTA_TI,2018/2020,1,,,Principal
PUERTAS,911710,Baic,X55,,PUERTA_DD,2018/2020,1,,,Principal
PUERTAS,911711,Baic,X55,,PUERTA_DI,2018/2020,1,,,Principal
PUERTAS,911716,Baic,X55,,PUERTA_TD,2018/2020,1,,,Principal
PUERTAS,911715,Baic,X55,,PUERTA_TI,2018/2020,1,,,Principal
PUERTAS,81310,Chevrolet,Onix/Prisma,,PUERTA_DD,2013,2,41478.77,,Principal
PUERTAS,81315,Chevrolet,Onix/Prisma,,PUERTA_TI,2013,2,48092.39,,Principal
PUERTAS,81311,Chevrolet,Onix/Prisma,,PUERTA_DI,2013,1,41478.77,,Principal
PUERTAS,81316,Chevrolet,Onix/Prisma,,PUERTA_TD,2013,1,48092.39,,Principal
PUERTAS,82010,Chevrolet,Onix,,PUERTA_DD,2020,1,,,Principal
PUERTAS,82011,Chevrolet,Onix,,PUERTA_DI,2020,1,49066.1,,Principal
PUERTAS,82016,Chevrolet,Onix,,PUERTA_TD,2020,1,,,Principal
PUERTAS,82017,Chevrolet,Onix,,PUERTA_TI,2020,1,,,Principal
PUERTAS,89817,Chevrolet,Astra,,PUERTA_TI,1989,1,,,Principal
PUERTAS,82012,Chevrolet,Tracker,,PUERTA_DD,2020,1,,,Principal
PUERTAS,81418,Chevrolet,Tracker,,PUERTA_TD,2014,1,,,Principal
PUERTAS,89711,Chevrolet,S10,,PUERTA_DI,1998,1,,,Principal
PUERTAS,89710,Chevrolet,S10,,PUERTA_DD,1998,1,,,Principal
PUERTAS,89716,Chevrolet,S10,,PUERTA_TD,1998,1,50446.04,,Principal
PUERTAS,89715,Chevrolet,S10,,PUERTA_TI,1998,1,50446.04,,Principal
PUERTAS,81211,Chevrolet,S10,,PUERTA_DI,2012,2,,,Principal
PUERTAS,81210,Chevrolet,S10,,PUERTA_DD,2012,2,,,Principal
PUERTAS,81216,Chevrolet,S10,,PUERTA_TD,2012,1,,,Principal
PUERTAS,81215,Chevrolet,S10,,PUERTA_TI,2012,1,,,Principal
PUERTAS,89512,Chevrolet,Corsa,,PUERTA_DD,1995,2,,,Principal
PUERTAS,89510,Chevrolet,Corsa,,PUERTA_DD,1995,1,,,Principal
PUERTAS,89513,Chevrolet,Corsa,,PUERTA_DI,1995,1,,,Principal
PUERTAS,89515,Chevrolet,Corsa,,PUERTA_TI,1995,1,,,Principal
PUERTAS,89516,Chevrolet,Corsa,,PUERTA_TD,1995,1,,,Principal
PUERTAS,89511,Chevrolet,Corsa,,PUERTA_DI,1995,2,,,Principal
PUERTAS,80810,Chevrolet,Aveo,,PUERTA_DD,2008,1,,,Principal
PUERTAS,80811,Chevrolet,Aveo,,PUERTA_DI,2008,1,,,Principal
PUERTAS,80211,Chevrolet,Meriva,,PUERTA_DI,2002,1,,,Principal
PUERTAS,100110,Citroen,C3,,PUERTA_DD,2001,1,,,Principal
PUERTAS,,Daewoo,Matic,,PUERTA_DD,,1,,,Principal
PUERTAS,179510,Fiat,Daily,,PUERTA_DD,1995,1,,,Principal
PUERTAS,177111,Fiat,619,,PUERTA_DD,1971,1,,,Principal
PUERTAS,178716,Fiat,Duna/Uno,,PUERTA_TD,1989,1,,,Principal
PUERTAS,178715,Fiat,Duna/Uno,,PUERTA_TI,1989,1,,,Principal
PUERTAS,171710,Fiat,Argo/Cronos,,PUERTA_DD,2017,1,,,Principal
PUERTAS,171715,Fiat,Argo,,PUERTA_TI,2017,1,,,Principal
PUERTAS,171711,Fiat,Argo/Cronos,,PUERTA_DI,2017,1,,,Principal
PUERTAS,171716,Fiat,Argo,,PUERTA_TD,2017,1,,,Principal
PUERTAS,171717,Fiat,Cronos,,PUERTA_TI,2017,3,,,Principal
PUERTAS,171718,Fiat,Cronos,,PUERTA_TD,2017,1,49150.57,,Principal
PUERTAS,179410,Fiat,Palio/Siena,,PUERTA_DD,1996,1,,,Principal
PUERTAS,179610,Fiat,Palio/Siena,,PUERTA_DD,1996,1,,,Principal
PUERTAS,179611,Fiat,Palio/Siena,,PUERTA_DI,1996,1,34437.77,,Principal
PUERTAS,179615,Fiat,Palio/Siena,,PUERTA_TI,1996,2,26455.17,,Principal
PUERTAS,179616,Fiat,Palio/Siena,,PUERTA_TD,1996,1,26455.17,,Principal
PUERTAS,171216,Fiat,Palio,,PUERTA_TD,2012,1,,,Principal
PUERTAS,171211,Fiat,Palio,,PUERTA_DI,2012,1,,,Principal
PUERTAS,171210,Fiat,Palio,,PUERTA_DD,2012,2,,,Principal
PUERTAS,171215,Fiat,Palio,,PUERTA_TI,2012,2,,,Principal
PUERTAS,171217,Fiat,Palio/ Grand Siena,,PUERTA_TI,2012,1,,,Principal
PUERTAS,179315,Fiat,Tempra,,PUERTA_DI,1993,1,,,Principal
PUERTAS,171611,Fiat,Toro,,PUERTA_DI,2016,1,,,Principal
PUERTAS,171615,Fiat,Toro,,PUERTA_TI,2016,1,,,Principal
PUERTAS,171616,Fiat,Toro,,PUERTA_TD,2016,1,,,Principal
PUERTAS,171610,Fiat,Toro,,PUERTA_DD,2016,1,,,Principal
PUERTAS,171613,Fiat,Mobi,,PUERTA_DI,2016,1,,,Principal
PUERTAS,171013,Fiat,Uno 3 PTS,,PUERTA_DI,2010,1,,,Principal
PUERTAS,171011,Fiat,Uno 5 pts,,PUERTA_DI,2010,2,,,Principal
PUERTAS,171016,Fiat,Uno 5 pts,,PUERTA_TD,2010,1,,,Principal
PUERTAS,171010,Fiat,Uno 5 pts,,PUERTA_DD,2010,2,,,Principal
PUERTAS,171015,Fiat,Uno 5 pts,,PUERTA_TI,2010,1,,,Principal
PUERTAS,171410,Fiat,Eurocargo,,PUERTA_DD,2014,1,,,Principal
PUERTAS,172215,Fiat,Fastback,,PUERTA_TI,2022,1,,,Principal
PUERTAS,172216,Fiat,Fastback,,PUERTA_TD,2022,1,,,Principal
PUERTAS,171212,Fiat,Qubo,,PUERTA_DD,2012,1,,,Principal
PUERTAS,171213,Fiat,Qubo,,PUERTA_DI,2012,1,,,Principal
PUERTAS,172110,Fiat,Iveco Dayli,,PUERTA_DD,2021,1,,,Principal
PUERTAS,172111,Fiat,Iveco Dayli,,PUERTA_DI,2021,1,,,Principal
PUERTAS,179210,Fiat,Eurocargo,,PUERTA_DD,1992,2,,,Principal
PUERTAS,179211,Fiat,Eurocargo,,PUERTA_DI,1992,2,,,Principal
PUERTAS,FAVICUR,Fiat,Strada,,PUERTA_DI,2002,1,,,Principal
PUERTAS,189510,Ford,Escort 3 pts,,PUERTA_DI,1997,1,,,Principal
PUERTAS,181317,Ford,Ecosport,,PUERTA_TI,2013,1,,,Principal
PUERTAS,181312,Ford,Ecosport,,PUERTA_DD,2013,1,,,Principal
PUERTAS,181313,Ford,Ecosport,,PUERTA_DI,2013,2,,,Principal
PUERTAS,181318,Ford,Ecosport,,PUERTA_TD,2013,2,,,Principal
PUERTAS,189617,Ford,Escort,,PUERTA_TI,1996,1,,,Principal
PUERTAS,188018,Ford,F100,,PUERTA_DD,1981/1987,1,,,Principal
PUERTAS,189911,Ford,F100,,PUERTA_DI,1999,1,,,Principal
PUERTAS,181018,Ford,Fiesta,,PUERTA_TD,2010,1,,,Principal
PUERTAS,180211,Ford,Fiesta,,PUERTA_DI,2002,1,,,Principal
PUERTAS,181011,Ford,Fiesta,,PUERTA_DI,2010,1,,,Principal
PUERTAS,181513,Ford,Ka,,PUERTA_DI,2015,1,,,Principal
PUERTAS,181516,Ford,Ka,,PUERTA_TD,2015,1,,,Principal
PUERTAS,ORIGINAL,Ford,Mondeo,,PUERTA_DI,,1,,,Principal
PUERTAS,181215,Ford,Ranger,,PUERTA_TD,2012,2,,,Principal
PUERTAS,181216,Ford,Ranger,,PUERTA_TI,2012,2,,,Principal
PUERTAS,181212,Ford,Ranger,,PUERTA_DD,2012,1,,,Principal
PUERTAS,181213,Ford,Ranger,,PUERTA_DI,2012,1,,,Principal
PUERTAS,181211,Ford,Ranger,,PUERTA_DI,2012,1,,,Principal
PUERTAS,181210,Ford,Ranger,,PUERTA_DD,2012,3,,,Principal
PUERTAS,189718,Ford,Ranger,,PUERTA_TD,1997,1,,,Principal
PUERTAS,189710,Ford,Ranger,,PUERTA_DD,1997,1,,,Principal
PUERTAS,189711,Ford,Ranger,,PUERTA_DI,1997,2,,,Principal
PUERTAS,182310,Ford,Ranger,,PUERTA_DD,2023,1,,,Principal
PUERTAS,182311,Ford,Ranger,,PUERTA_DI,2023,1,,,Principal
PUERTAS,182315,Ford,Ranger,,PUERTA_TI,2023,1,,,Principal
PUERTAS,182316,Ford,Ranger,,PUERTA_TD,2023,1,,,Principal
PUERTAS,189717,Ford,Ranger,,PUERTA_TI,1997,2,,,Principal
PUERTAS,181110,Ford,Cargo,,PUERTA_DD,2011,3,,,Principal
PUERTAS,181411,Ford,Cargo,,PUERTA_DI,2014,1,,,Principal
PUERTAS,181410,Ford,Cargo,,PUERTA_DD,2014,1,,,Principal
PUERTAS,181111,Ford,Cargo,,PUERTA_DI,2011,1,,,Principal
PUERTAS,181315,Ford,Focus,,PUERTA_TI,2013,1,,,Principal
PUERTAS,180811,Ford,Focus,,PUERTA_DI,2008,1,,,Principal
PUERTAS,180816,Ford,Focus,,PUERTA_TD,2008,1,,,Principal
PUERTAS,881810,Foton,TM1,,PUERTA_DD,2018,1,,,Principal
PUERTAS,881811,Foton,TM1,,PUERTA_DI,2018,1,,,Principal
PUERTAS,881710,Foton,Tunland,,PUERTA_DD,2017,1,,,Principal
PUERTAS,881711,Foton,Tunland,,PUERTA_DI,2017,1,,,Principal
PUERTAS,881716,Foton,Tunland,,PUERTA_TD,2017,1,,,Principal
PUERTAS,881715,Foton,Tunland,,PUERTA_TI,2017,1,,,Principal
PUERTAS,932310,Haval,Jolion,,PUERTA_DD,2023,1,,,Principal
PUERTAS,932311,Haval,Jolion,,PUERTA_DI,2023,1,,,Principal
PUERTAS,932316,Haval,Jolion,,PUERTA_TD,2023,1,,,Principal
PUERTAS,932315,Haval,Jolion,,PUERTA_TI,2023,1,,,Principal
PUERTAS,,Hino,300,,PUERTA_DI,2016,1,,,Principal
PUERTAS,,Hino,300,,PUERTA_DD,2016,1,,,Principal
PUERTAS,,Hiunday,Camion,,PUERTA_DI,2000/2006,1,,,Principal
PUERTAS,451514,Honda,HRV,,PUERTA_TD,2015,1,,,Principal
PUERTAS,260310,M. Benz,Accelo,,PUERTA_DD,2003,2,,,Principal
PUERTAS,260311,M. Benz,Accelo,,PUERTA_DI,2003,2,,,Principal
PUERTAS,261311,M. Benz,Sprinter,,PUERTA_DI,2013,2,,,Principal
PUERTAS,261310,M. Benz,Sprinter,,PUERTA_DD,2013,1,,,Principal
PUERTAS,260810,M. Benz,Atego,,PUERTA_DD,2008,3,,,Principal
PUERTAS,260811,M. Benz,Atego,,PUERTA_DI,2008,1,,,Principal
PUERTAS,430710,Nissan,Tiida,,PUERTA_DD,2007,1,,,Principal
PUERTAS,309515,Peugeot,306,,PUERTA_TI,1995,1,,,Principal
PUERTAS,301111,Peugeot,308/408,,PUERTA_DI,2011,1,,,Principal
PUERTAS,309911,Peugeot,206,,PUERTA_DI,1999,1,,,Principal
PUERTAS,300812,Peugeot,207,,PUERTA_DD,2008,1,,,Principal
PUERTAS,300817,Peugeot,207,,PUERTA_TI,2008,1,45675.87,,Principal
PUERTAS,302015,Peugeot,208,,PUERTA_TI,2021,2,,,Principal
PUERTAS,302016,Peugeot,208,,PUERTA_TD,2021,2,,,Principal
PUERTAS,302011,Peugeot,208,,PUERTA_DI,2021,2,,,Principal
PUERTAS,302010,Peugeot,208,,PUERTA_DD,2021,3,,,Principal
PUERTAS,301311,Peugeot,208/2008,,PUERTA_DI,2013,1,,,Principal
PUERTAS,301310,Peugeot,208/2008,,PUERTA_DD,2013,1,,,Principal
PUERTAS,301314,Peugeot,208,,PUERTA_TD,2013,1,,,Principal
PUERTAS,301315,Peugeot,208,,PUERTA_TI,2013,1,,,Principal
PUERTAS,301616,Peugeot,2008,,PUERTA_TD,2016,1,,,Principal
PUERTAS,330810,Renault,Sandero,,PUERTA_DD,2008,2,,,Principal
PUERTAS,330811,Renault,Sandero,,PUERTA_DI,2008,1,,,Principal
PUERTAS,330815,Renault,Sandero,,PUERTA_TI,2008,1,,,Principal
PUERTAS,339411,Renault,Clio,,PUERTA_DI,1994,1,,,Principal
PUERTAS,339410,Renault,Clio,,PUERTA_DD,1994,1,,,Principal
PUERTAS,339413,Renault,Clio,,PUERTA_DI,1994,2,,,Principal
PUERTAS,331318,Renault,Sandero II,,PUERTA_TD,2013,1,,,Principal
PUERTAS,331317,Renault,Sandero II,,PUERTA_TI,2013,1,,,Principal
PUERTAS,331315,Renault,Logan,,PUERTA_TI,2014,1,45331.99,,Principal
PUERTAS,FAVICUR,Renault,Symbol,,PUERTA_DD,,1,,,Principal
PUERTAS,431713,Renault,Alaskan/ Frontier,,PUERTA_DI,2017,1,,,Principal
PUERTAS,431718,Renault,Alaskan/ Frontier,,PUERTA_TD,2017,2,,,Principal
PUERTAS,431717,Renault,Alaskan/ Frontier,,PUERTA_TI,2017,1,,,Principal
PUERTAS,431712,Renault,Alaskan/ Frontier,,PUERTA_DD,2017,1,,,Principal
PUERTAS,339510,Renault,Express,,PUERTA_DD,1995,1,,,Principal
PUERTAS,339813,Renault,Kangoo,,PUERTA_DI,1998,3,,,Principal
PUERTAS,331811,Renault,Kangoo,,PUERTA_DI,2018,1,,,Principal
PUERTAS,331810,Renault,Kangoo,,PUERTA_DD,2018,1,,,Principal
PUERTAS,331016,Renault,Fluence/ Megane III,,PUERTA_TD,2010,2,,,Principal
PUERTAS,331015,Renault,Fluence/ Megane III,,PUERTA_TI,2010,1,,,Principal
PUERTAS,331010,Renault,Fluence,,PUERTA_DD,2010,1,,,Principal
PUERTAS,330511,Renault,Megane II,,PUERTA_DI,2005,1,,,Principal
PUERTAS,330510,Renault,Megane II,,PUERTA_DD,2005,1,,,Principal
PUERTAS,339611,Renault,Megane,,PUERTA_DI,1996,1,,,Principal
PUERTAS,331615,Renault,Duster/Oroch,,PUERTA_TI,2016,3,,,Principal
PUERTAS,331616,Renault,Duster/Oroch,,PUERTA_TD,2016,1,,,Principal
PUERTAS,332016,Renault,Duster,,PUERTA_TD,2020,1,,,Principal
PUERTAS,331811,Renault,Kangoo,,PUERTA_DI,2018,4,,,Principal
PUERTAS,332410,Renault,Kardian,,PUERTA_DD,2024,1,,,Principal
PUERTAS,332411,Renault,Kardian,,PUERTA_DI,2024,1,,,Principal
PUERTAS,332415,Renault,Kardian,,PUERTA_TI,2024,1,,,Principal
PUERTAS,332416,Renault,Kardian,,PUERTA_TD,2024,1,,,Principal
PUERTAS,359810,Scania,114,,PUERTA_DD,1998,1,,,Principal
PUERTAS,359811,Scania,114,,PUERTA_DI,1998,1,,,Principal
PUERTAS,358510,Scania,112/113,,PUERTA_DD,1985,1,,,Principal
PUERTAS,620315,Suzuki,Fun,,PUERTA_TI,2003,1,,,Principal
PUERTAS,,Suzuki,Fun,,PUERTA_DD,2003,1,,,Principal
PUERTAS,491415,Toyota,Corolla,,PUERTA_TI,2014,2,,,Principal
PUERTAS,491416,Toyota,Corolla,,PUERTA_TD,2014,1,,,Principal
PUERTAS,491410,Toyota,Corolla,,PUERTA_DD,2014,1,,,Principal
PUERTAS,491411,Toyota,Corolla,,PUERTA_DI,2014,1,,,Principal
PUERTAS,491915,Toyota,Corolla,,PUERTA_TI,2019,2,,,Principal
PUERTAS,491910,Toyota,Corolla,,PUERTA_DD,2019,1,,,Principal
PUERTAS,491916,Toyota,Corolla,,PUERTA_TD,2019,1,,,Principal
PUERTAS,491911,Toyota,Corolla,,PUERTA_DI,2019,1,,,Principal
PUERTAS,490211,Toyota,Corolla,,PUERTA_DI,2002,1,,,Principal
PUERTAS,492110,Toyota,Corolla Cross,,PUERTA_DD,2021,1,,,Principal
PUERTAS,492111,Toyota,Corolla Cross,,PUERTA_DI,2021,1,,,Principal
PUERTAS,492115,Toyota,Corolla Cross,,PUERTA_TI,2021,1,,,Principal
PUERTAS,492116,Toyota,Corolla Cross,,PUERTA_TD,2021,1,,,Principal
PUERTAS,491317,Toyota,Etios,,PUERTA_TI,2013,1,,,Principal
PUERTAS,491310,Toyota,Etios,,PUERTA_DD,2013,3,,,Principal
PUERTAS,491311,Toyota,Etios,,PUERTA_DI,2013,2,,,Principal
PUERTAS,491315,Toyota,Etios,,PUERTA_TI,2013,1,,,Principal
PUERTAS,491316,Toyota,Etios,,PUERTA_TD,2013,1,,,Principal
PUERTAS,491318,Toyota,Etios,,PUERTA_TD,2013,1,,,Principal
PUERTAS,491516,Toyota,Hilux C/D,,PUERTA_TD,2015,1,,,Principal
PUERTAS,491515,Toyota,Hilux C/D,,PUERTA_TI,2015,1,,,Principal
PUERTAS,491510,Toyota,Hilux C/S,,PUERTA_DD,2015,1,,,Principal
PUERTAS,491512,Toyota,Hilux C/D,,PUERTA_DD,2015,1,45675.87,,Principal
PUERTAS,491511,Toyota,Hilux C/S,,PUERTA_DI,2015,4,,,Principal
PUERTAS,491513,Toyota,Hilux C/D,,PUERTA_DI,2015,1,45675.87,,Principal
PUERTAS,490510,Toyota,Hilux C/S,,PUERTA_DD,2005,1,,,Principal
PUERTAS,490511,Toyota,Hilux C/S,,PUERTA_DI,2005,3,,,Principal
PUERTAS,490515,Toyota,Hilux C/D,,PUERTA_TI,2005,2,,,Principal
PUERTAS,490512,Toyota,Hilux C/D,,PUERTA_DD,2005,1,45676.29,,Principal
PUERTAS,490513,Toyota,Hilux,,PUERTA_DI,2005,2,45676.29,,Principal
PUERTAS,499616,Toyota,Hilux,,PUERTA_TD,1996,2,,,Principal
PUERTAS,499617,Toyota,Hilux,,PUERTA_TI,1996,2,,,Principal
PUERTAS,499611,Toyota,Hilux,,PUERTA_DI,1996,1,,,Principal
PUERTAS,499610,Toyota,Hilux,,PUERTA_DD,1996,2,,,Principal
PUERTAS,499612,Toyota,Hilux,,PUERTA_DD,1996,1,,,Principal
PUERTAS,491517,Toyota,Hilux SW,,PUERTA_TI,2015,1,,,Principal
PUERTAS,491518,Toyota,Hilux SW,,PUERTA_TD,2015,2,,,Principal
PUERTAS,,Toyota,Rav 4,,PUERTA_DD,2020,1,,,Principal
PUERTAS,,Toyota,Rav 4,,PUERTA_DI,2020,1,,,Principal
PUERTAS,,Toyota,Rav 4,,PUERTA_TD,2020,1,,,Principal
PUERTAS,,Toyota,Rav 4,,PUERTA_TI,2020,1,,,Principal
PUERTAS,491816,Toyota,Yaris 5 pts Sedan,,PUERTA_TD,2018,1,,,Principal
PUERTAS,491817,Toyota,Yaris 4 pts Sedan,,PUERTA_TI,2018,1,,,Principal
PUERTAS,491815,Toyota,Yaris 5 pts Sedan,,PUERTA_TI,2018,1,,,Principal
PUERTAS,491818,Toyota,Yaris 4 pts,,PUERTA_TD,2018,1,,,Principal
PUERTAS,491710,Toyota,Yaris,,PUERTA_DD,2017,2,,,Principal
PUERTAS,491711,Toyota,Yaris,,PUERTA_DI,2017,1,,,Principal
PUERTAS,491715,Toyota,Yaris,,PUERTA_TI,2017,1,,,Principal
PUERTAS,491716,Toyota,Yaris,,PUERTA_TD,2017,1,,,Principal
PUERTAS,429915,VW,Bora,,PUERTA_TI,1999,1,,,Principal
PUERTAS,429914,VW,Bora,,PUERTA_TD,1999,1,,,Principal
PUERTAS,429913,VW,Golf '99/ Bora,,PUERTA_DI,1999,1,,,Principal
PUERTAS,429210,VW,Gol/ Saveiro,,PUERTA_DD,1992,1,,,Principal
PUERTAS,429211,VW,Gol/ Saveiro,,PUERTA_DI,1992,1,,,Principal
PUERTAS,429812,VW,Gol 4 PTS,,PUERTA_DD,1998,1,38357.79,,Principal
PUERTAS,429813,VW,Gol 4 PTS,,PUERTA_DI,1998,1,38357.79,,Principal
PUERTAS,429817,VW,Gol 4 PTS,,PUERTA_TI,1998,2,,,Principal
PUERTAS,429816,VW,Gol 5 PTS,,PUERTA_TD,1998,2,,,Principal
PUERTAS,429511,VW,Gol 3 PTS,,PUERTA_DI,1995,1,,,Principal
PUERTAS,429510,VW,Gol 3 PTS,,PUERTA_DD,1995,3,,,Principal
PUERTAS,420815,VW,Gol Trend,,PUERTA_TI,2008,1,57783.37,,Principal
PUERTAS,420811,VW,Gol Trend,,PUERTA_DI,2008,2,,,Principal
PUERTAS,420816,VW,Gol Trend,,PUERTA_TD,2008,1,57783.37,,Principal
PUERTAS,420917,VW,Amarok,,PUERTA_TI,2009,1,,,Principal
PUERTAS,420913,VW,Amarok,,PUERTA_DI,2009,1,,,Principal
PUERTAS,420912,VW,Amarok,,PUERTA_DD,2009,1,,,Principal
PUERTAS,420918,VW,Amarok,,PUERTA_TD,2009,1,,,Principal
PUERTAS,428211,VW,Gacel,,PUERTA_DI,1982,1,,,Principal
PUERTAS,420616,VW,Suran,,PUERTA_TD,2006,3,,,Principal
PUERTAS,421512,VW,Polo Nuevo,,PUERTA_DD,2017,1,,,Principal
PUERTAS,421513,VW,Polo Nuevo,,PUERTA_DI,2017,1,,,Principal
PUERTAS,421911,VW,T-Cross,,PUERTA_DI,2019,2,,,Principal
PUERTAS,421910,VW,T-Cross,,PUERTA_DD,2019,1,,,Principal
PUERTAS,420512,VW,Constelation,,PUERTA_DD,2005,2,,,Principal
PUERTAS,421810,VW,Virtus/Polo/Nivus,,PUERTA_DD,2018,1,,,Principal
PUERTAS,421811,VW,Virtus/Polo/Nivus,,PUERTA_DI,2018,1,,,Principal
PUERTAS,421815,VW,Virtus,,PUERTA_TI,2018,2,,,Principal
PUERTAS,421816,VW,Virtus,,PUERTA_TD,2018,1,,,Principal
PUERTAS,421817,VW,Polo 5 pts/ Nivus,,PUERTA_TI,2018,2,,,Principal
PUERTAS,421818,VW,Polo 5 pts/ Nivus,,PUERTA_TD,2018,3,,,Principal
PUERTAS,421517,VW,Polo,,PUERTA_TI,2015,2,,,Principal
PUERTAS,421513,VW,Polo,,PUERTA_DI,2015,1,,,Principal
PUERTAS,422110,VW,Taos '21 c/aguj,,PUERTA_DD,2021,1,,,Principal
PUERTAS,422111,VW,Taos '21 c/aguj,,PUERTA_DI,2021,1,,,Principal
PUERTAS,422115,VW,Taos '21 c/aguj,,PUERTA_TI,2021,1,,,Principal
CUSTODIA,87340,Chevrolet,Pick Up,,ALETA_D,1973/1997,1,,,Principal
CUSTODIA,89845,Chevrolet,S10,,ALETA_I,1998,1,,,Principal
CUSTODIA,89846,Chevrolet,S10,,ALETA_D,1998,1,,,Principal
CUSTODIA,81643,Chevrolet,Cruze,,ALETA_I,2016,1,,,Principal
CUSTODIA,81642,Chevrolet,Cruze,,ALETA_D,2016,1,,,Principal
CUSTODIA,179240,Fiat,Eurocargo/Eurotrakker,,VENTANA_D,1992,3,106532.58,,Principal
CUSTODIA,179241,Fiat,Eurocargo/Eurotrakker,,VENTANA_D,1992,1,106532.58,,Principal
CUSTODIA,178823,Fiat,Uno,,VENTANA_I,,1,,,Principal
CUSTODIA,179740,Fiat,Ducato,,PUERTA_DD,1997,1,,,Principal
CUSTODIA,178822,Fiat,Uno,,VENTANA_D,,1,,,Principal
CUSTODIA,178821,Fiat,Uno,,CUSTODIA_I,1988,1,,,Principal
CUSTODIA,178746,Fiat,Duna/Uno,,ALETA_D,1987,1,,,Principal
CUSTODIA,FAVICUR,Fiat,147,,,1982/1996,1,,,Principal
CUSTODIA,172245,Fiat,Fastback,,ALETA_I,2022,1,,,Principal
CUSTODIA,172246,Fiat,Fastback,,ALETA_D,2022,1,,,Principal
CUSTODIA,172140,Fiat,Iveco Dayli,,ALETA_D,2021,1,,,Principal
CUSTODIA,172141,Fiat,Iveco Dayli,,ALETA_D,2021,1,,,Principal
CUSTODIA,181142,Ford,Cargo,,ALETA_D,2011,1,,,Principal
CUSTODIA,181141,Ford,Cargo,,ALETA_D,2011,2,,,Principal
CUSTODIA,181140,Ford,Cargo,,ALETA_D,2011,1,,,Principal
CUSTODIA,181143,Ford,Cargo,,ALETA_D,2011,1,,,Principal
CUSTODIA,181841,Ford,Cargo,,ALETA_D,2018,3,,,Principal
CUSTODIA,181840,Ford,Cargo,,ALETA_D,2018,3,,,Principal
CUSTODIA,180826,Ford,Ka,,ALETA_D,2008,1,,,Principal
CUSTODIA,181325,Ford,Focus 4 Pts,,ALETA_I,2013,2,,,Principal
CUSTODIA,932320,Haval,Jolion,,CUSTODIA_D,2023,1,,,Principal
CUSTODIA,932321,Haval,Jolion,,CUSTODIA_I,2023,1,,,Principal
CUSTODIA,450341,Honda,Fit,,ALETA_D,2003,1,,,Principal
CUSTODIA,309827,Peugeot,Partner,,VENTANA_I,1998,1,,,Principal
CUSTODIA,309828,Peugeot,Partner,,CUSTODIA_D,1998,1,,,Principal
CUSTODIA,331823,Renault,Kangoo,,ALETA_I,2018,2,,,Principal
CUSTODIA,Original,Renault,Kangoo,,CUSTODIA_I,2018,2,,,Principal
CUSTODIA,Original,Renault,Kangoo,,CUSTODIA_D,2018,2,,,Principal
CUSTODIA,,Renault,Clio II,,ALETA_I,1999,1,,,Principal
CUSTODIA,331440,Renault,Sandero II,,ALETA_D,2014,2,,,Principal
CUSTODIA,331120,Renault,Duster,,CUSTODIA_D,2011,1,,,Principal
CUSTODIA,331121,Renault,Duster,,CUSTODIA_I,2011,1,,,Principal
CUSTODIA,,Toyota,SW4,,CUSTODIA_D,,1,,,Principal
CUSTODIA,491940,Toyota,Corolla,,ALETA_D,2019,1,34185.48,,Principal
CUSTODIA,491422,Toyota,Corolla,,ALETA_D,2014,1,,,Principal
CUSTODIA,491423,Toyota,Corolla,,ALETA_I,2014,1,,,Principal
CUSTODIA,491942,Toyota,Corolla,,ALETA_D,2019,1,34185.48,,Principal
CUSTODIA,491943,Toyota,Corolla,,ALETA_I,2019,1,34185.48,,Principal
CUSTODIA,492143,Toyota,Corolla Cross,,ALETA_D,2021,1,,,Principal
CUSTODIA,492144,Toyota,Corolla Cross,,ALETA_D,2021,1,,,Principal
CUSTODIA,492141,Toyota,Corolla Cross,,ALETA_I,2021,1,,,Principal
CUSTODIA,491840,Toyota,Yaris,,ALETA_D,2018,1,,,Principal
CUSTODIA,491541,Toyota,Hilux,,ALETA_I,2015,1,,,Principal
CUSTODIA,491540,Toyota,Hilux,,ALETA_D,2015,1,,,Principal
CUSTODIA,491543,Toyota,Hilux,,ALETA_I,2015,1,,,Principal
CUSTODIA,491542,Toyota,Hilux,,ALETA_D,2015,1,,,Principal
CUSTODIA,420641,VW,Suran,,ALETA_I,2006,1,,,Principal
CUSTODIA,420640,VW,Suran,,ALETA_D,2006,2,,,Principal
CUSTODIA,420821,VW,Gol Trend,,CUSTODIA_I,2008,1,,,Principal
CUSTODIA,429520,VW,Gol,,CUSTODIA_D,1995,1,,,Principal
CUSTODIA,,VW,Suran,,,2006,2,,,Principal
CUSTODIA,,VW,Suran,,,2006,1,,,Principal
CUSTODIA,420620,VW,Suran,,CUSTODIA_D,2006,1,,,Principal
CUSTODIA,429846,VW,Gol,,ALETA_D,1998,3,,,Principal
CUSTODIA,,VW,Gol,,ALETA_D,1998,1,,,Principal
CUSTODIA,420845,VW,Gol Trend,,ALETA_I,2008,1,,,Principal
CUSTODIA,420945,VW,Amarok,,ALETA_I,2009,1,,,Principal
CUSTODIA,420946,VW,Amarok,,ALETA_D,2009,1,,,Principal
CUSTODIA,429820,VW,Gol,,CUSTODIA_D,1998,1,,,Principal
LUNETAS,720850VATP,Chery,Tiggo,,LUNETA,2008,2,,,Principal
LUNETAS,80950VATP,Chevrolet,Agile,,LUNETA,2009,1,,,Principal
LUNETAS,81651GATP,Chevrolet,Cruze 5 Pts,,LUNETA,2016,3,,,Principal
LUNETAS,81950VATI,Chevrolet,Spin,,LUNETA,2019,1,,,Principal
LUNETAS,Original,Chevrolet,Captiva,,LUNETA,,1,,,Principal
LUNETAS,80852VATI,Chevrolet,Captiva,,LUNETA,2008,2,,,Principal
LUNETAS,081352GATI,Chevrolet,Onix,,LUNETA,2013,1,,,Principal
LUNETAS,080952VSTI,Chevrolet,Montana Fija,,LUNETA,2009,1,,,Principal
LUNETAS,082350VATI,Chevrolet,Montana,,LUNETA,2023,2,,,Principal
LUNETAS,81250GATP,Chevrolet,S10 No Term. C/S,,LUNETA,2012,2,,,Principal
LUNETAS,081250GATI,Chevrolet,S10 Term,,LUNETA,2012,3,,,Principal
LUNETAS,89753VATI,Chevrolet,S10 Blazer encap,,LUNETA,1997,1,,,Principal
LUNETAS,89854VSTP,Chevrolet,S10 No Term.,,LUNETA,1998,2,,,Principal
LUNETAS,81353GATP,Chevrolet,Prisma,,LUNETA,2015,1,,,Principal
LUNETAS,82050VATP,Chevrolet,Onix c/aguj,,LUNETA,2019,1,,,Principal
LUNETAS,089954VATP,Chevrolet,Corsa 4 pts,,LUNETA,1999,1,,,Principal
LUNETAS,089953VSTP,Chevrolet,Corsa 5 Pts,,LUNETA,1999,2,,,Principal
LUNETAS,89950VSTI,Chevrolet,Corsa Pick Up,,LUNETA,1999,1,,,Principal
LUNETAS,81650GATP,Chevrolet,Cruze 4 Pts,,LUNETA,2016,1,,,Principal
LUNETAS,82051GATI,Chevrolet,Onix Plus,,LUNETA,2020,2,,,Principal
LUNETAS,080551GATM,Chevrolet,Vectra 5 Pts,,LUNETA,2005,1,,,Principal
LUNETAS,102350VATP,Citroen,C3,,LUNETA,2023,2,,,Principal
LUNETAS,171250GATP,Fiat,Palio,,LUNETA,2012,1,,,Principal
LUNETAS,171651GSTI,Fiat,Toro No term.,,LUNETA,2016,2,,,Principal
LUNETAS,171451VSTI,Fiat,Strada Fija,,LUNETA,2014,2,,,Principal
LUNETAS,171751VATI,Fiat,Cronos,,LUNETA,2017,1,,,Principal
LUNETAS,170850GATI,Fiat,Palio 5 Pts,,LUNETA,2008/2012,1,,,Principal
LUNETAS,170350VATI,Fiat,Palio,,LUNETA,2003,1,,,Principal
LUNETAS,171750GATI,Fiat,Argo,,LUNETA,2017,3,,,Principal
LUNETAS,170851GATI,Fiat,Palio Adventure,,LUNETA,2008,1,,,Principal
LUNETAS,172250GATI,Fiat,Fastback,,LUNETA,2022,1,,,Principal
LUNETAS,,Fiat,Idea,,LUNETA,2005,1,,,Principal
LUNETAS,181251VSTP,Ford,Ranger c/s No Term.,,LUNETA,2012,3,,,Principal
LUNETAS,189751CSTP,Ford,Ranger c/d,,LUNETA,1997,1,,,Principal
LUNETAS,181550GATP,Ford,Focus 5 Pts,,LUNETA,2015,2,,,Principal
LUNETAS,181250VATP,Ford,Ranger Term.,,LUNETA,2012,1,,,Principal
LUNETAS,182350VATP,Ford,Ranger Term.,,LUNETA,2023,1,,,Principal
LUNETAS,189752VSTP,Ford,Ranger c/s,,LUNETA,1997,2,,,Principal
LUNETAS,180350VATI,Ford,Ecosport,,LUNETA,2003/2012,2,,,Principal
LUNETAS,Original,Ford,Focus,,LUNETA,2013,1,,,Principal
LUNETAS,181351VATP,Ford,Focus 5 Pts,,LUNETA,2013,1,,,Principal
LUNETAS,180850VATP,Ford,Focus 5 Pts,,LUNETA,2008,1,,,Principal
LUNETAS,181751GATI,Ford,Ecosport c/ant,,LUNETA,2017,2,,,Principal
LUNETAS,,Ford,Fiesta One,,LUNETA,2017,2,,,Principal
LUNETAS,181050VATP,Ford,Fiesta Kinetic 5 Pts,,LUNETA,2010,1,,,Principal
LUNETAS,180256VATI,Ford,Ka,,LUNETA,2002,1,,,Principal
LUNETAS,Original,Ford,Ka,,LUNETA,2012,2,,,Principal
LUNETAS,189950VATP,Ford,Focus 5 Pts,,LUNETA,1999/2007,3,,,Principal
LUNETAS,181554GATI,Ford,Ka 4 Pts,,LUNETA,2017,1,,,Principal
LUNETAS,181552GATI,Ford,Ka 5 Pts,,LUNETA,2017,2,,,Principal
LUNETAS,189756VATE,Ford,Ka,,LUNETA,1997,2,,,Principal
LUNETAS,181352GATI,Ford,Focus 4 Pts,,LUNETA,2013,2,,,Principal
LUNETAS,,Ford,Ka,,LUNETA,1995,1,,,Principal
LUNETAS,180852VATP,Ford,Ka,,LUNETA,2008,3,,,Principal
LUNETAS,182250VATM,Ford,Maverick,,LUNETA,2021,2,,,Principal
LUNETAS,151650GATI,Jeep,Renegade,,LUNETA,2016,1,,,Principal
LUNETAS,261950GATP,M.Benz,Sprinter Derecha,,LUNETA,2019,1,,,Principal
LUNETAS,431751GATI,Nissan,Frontier,,LUNETA,2015,1,,,Principal
LUNETAS,430750VATP,Nissan,Tiida 5 Pts,,LUNETA,2007,1,,,Principal
LUNETAS,309851GSTP,Peugeot,Partner Izq.,,LUNETA,1998,2,,,Principal
LUNETAS,309850GSTP,Peugeot,Partner Der.,,LUNETA,1998,2,,,Principal
LUNETAS,309855GATP,Peugeot,Partner enteriza,,LUNETA,1998,2,,,Principal
LUNETAS,309950GATI,Peugeot,206,,LUNETA,1999/2012,1,,,Principal
LUNETAS,300850GATP,Peugeot,207 4 Pts,,LUNETA,2008,2,,,Principal
LUNETAS,309950GATI,Peugeot,206/207 3/5 PTS,,LUNETA,1999,1,,,Principal
LUNETAS,301650GATI,Peugeot,2008 5 Pts SUV,,LUNETA,2008,1,,,Principal
LUNETAS,301351VATP,Peugeot,208 C/ant,,LUNETA,2013,2,,,Principal
LUNETAS,302050GATP,Peugeot,208 C/Aguj,,LUNETA,2020,2,,,Principal
LUNETAS,301151VATP,Peugeot,408,,LUNETA,2011,1,,,Principal
LUNETAS,339755,Renault,Master Izq,,LUNETA,1997,1,,,Principal
LUNETAS,331852VATP,Renault,Kangoo Izquierda,,LUNETA,2018,1,,,Principal
LUNETAS,331850VSTE,Renault,Kangoo Derecha,,LUNETA,2018,1,,,Principal
LUNETAS,339250VATE,Renault,19 5 Pts,,LUNETA,1992,1,,,Principal
LUNETAS,339251VATP,Renault,19 4 Pts,,LUNETA,1992,1,,,Principal
LUNETAS,339851GATI,Renault,Kangoo Enteriza,,LUNETA,1998,1,,,Principal
LUNETAS,330550GATP,Renault,Megane II,,LUNETA,2005,1,,,Principal
LUNETAS,339651VATP,Renault,Megane 5 pts,,LUNETA,1996,1,,,Principal
LUNETAS,,Renault,Laguna II,,LUNETA,,2,,,Principal
LUNETAS,331150VATI,Renault,Duster,,LUNETA,2011,1,,,Principal
LUNETAS,339951VATP,Renault,Clio II 4 Pts,,LUNETA,1999,3,,,Principal
LUNETAS,331250GATP,Renault,Clio Mio,,LUNETA,2012,2,,,Principal
LUNETAS,339950VATI,Renault,Clio II 3 pts,,LUNETA,1999,4,,,Principal
LUNETAS,,Renault,Laguna Nevada,,LUNETA,1994/2001,1,,,Principal
LUNETAS,331350VATI,Renault,Logan,,LUNETA,2014,2,,,Principal
LUNETAS,330850VATP,Renault,Sandero,,LUNETA,2008,1,,,Principal
LUNETAS,332050GATI,Renault,Duster,,LUNETA,2021,2,,,Principal
LUNETAS,Original,Renault,Koleos,,LUNETA,,1,,,Principal
LUNETAS,330750VATP,Renault,Logan,,LUNETA,2007,2,,,Principal
LUNETAS,,Renault,Duster,,LUNETA,2016,1,,,Principal
LUNETAS,,Renault,Symbol,,LUNETA,2008,1,,,Principal
LUNETAS,,Renault,Megane III,,LUNETA,,1,,,Principal
LUNETAS,491550VSTP,Toyota,Hilux c/s,,LUNETA,2015,5,,,Principal
LUNETAS,490550VSTP,Toyota,Hilux c/s no term.,,LUNETA,2005,4,,,Principal
LUNETAS,490551VATP,Toyota,Hilux c/d Term. SUV,,LUNETA,2005,1,,,Principal
LUNETAS,499650VNTP,Toyota,Hilux,,LUNETA,1996,2,,,Principal
LUNETAS,491550VATP,Toyota,Hilux Term. C/D,,LUNETA,2015,4,,,Principal
LUNETAS,491950VATP,Toyota,Corolla,,LUNETA,2019,1,,,Principal
LUNETAS,490850VATI,Toyota,Corolla,,LUNETA,2008,1,,,Principal
LUNETAS,492150VATP,Toyota,Corolla Cross c/aguj.,,LUNETA,2021,2,,,Principal
LUNETAS,491851GATI,Toyota,Yaris 4 Pts,,LUNETA,2018,2,,,Principal
LUNETAS,491852GATI,Toyota,Yaris 5 pts,,LUNETA,2018,2,,,Principal
LUNETAS,Original,VW,Gol Trend,,LUNETA,2017,16,,,Principal
LUNETAS,420850GATI,VW,Gol Trend,,LUNETA,2008,2,,,Principal
LUNETAS,421050GATI,VW,Fox,,LUNETA,2010,4,,,Principal
LUNETAS,421550GATI,VW,Fox,,LUNETA,2015,2,,,Principal
LUNETAS,420350VATI,VW,Gol Country,,LUNETA,2003,1,,,Principal
LUNETAS,429850VATI,VW,Para Ti S/Stop,,LUNETA,1998,1,,,Principal
LUNETAS,429550VATP,VW,Gol,,LUNETA,1995,2,,,Principal
LUNETAS,421053VSTI,VW,Saveiro c/s No Term.,,LUNETA,2010,1,,,Principal
LUNETAS,421051VSTI,VW,Saveiro c/Ext. No Term.,,LUNETA,2010,1,,,Principal
LUNETAS,421452GATI,VW,Saveiro c/d,,LUNETA,2014,1,,,Principal
LUNETAS,420950GATR,VW,Amarok Term.,,LUNETA,2009,1,,,Principal
LUNETAS,420551GATI,VW,Gol,,LUNETA,2005,1,,,Principal
LUNETAS,421551VATP,VW,Polo,,LUNETA,2017,1,,,Principal
LUNETAS,422050GATP,VW,Nivus c/aguj,,LUNETA,2020,1,,,Principal
LUNETAS,422150GATP,VW,Taos c/ant,,LUNETA,2021,1,,,Principal
LUNETAS,421950GATI,VW,T-Cross,,LUNETA,2019,1,,,Principal
LUNETAS,,VW,Saveiro,,LUNETA,1998,1,,,Principal
LUNETAS,,VW,Polo,,LUNETA,1996,1,,,Principal
FAVICUR,31761.0,FIAT,QUBO,,PUERTA_DI,2012,1,62088.37,,Principal
FAVICUR,31762.0,FIAT,QUBO,,PUERTA_DD,2012,1,62088.37,,Principal
FAVICUR,408523.0,FORD,CARGO,,CUSTODIA_D,2011,2,31996.29,,Principal
FAVICUR,37933.0,M. BENZ,1938-1215-1718,,PUERTA_DD,,6,28874.5,,Principal
FAVICUR,10475.0,NISSAN,KICKS MEXICANO,,PARABRISAS,2017,1,187308.57,,Principal
FAVICUR,40785.0,PEUGEOT,408,,VENTANA_D,2011,1,30410.36,,Principal
FAVICUR,40786.0,PEUGEOT,408,,VENTANA_D,2011,1,30410.36,,Principal
FAVICUR,30816.0,RENAULT,SYMBOL,,PUERTA_DD,1995,1,42298.28,,Principal
FAVICUR,32123.0,SCANIA,SERIE 6,,PUERTA_DI,2019,3,105558.71,,Principal
FAVICUR,32134.0,SCANIA,SERIE 6,,PUERTA_DD,2019,2,105558.71,,Principal
